{"cameraMode":{"drawMode":0,"name":"Shaded","section":"Shading Mode"},"sceneLighting":true,"audioPlay":false,"sceneViewState":{"showFog":true,"showMaterialUpdate":false,"showSkybox":true,"showFlares":true,"showImageEffects":true,"showParticleSystems":true},"in2DMode":false,"pivot":{"x":13.477269172668457,"y":0.014439821243286133,"z":-5.604833602905273},"rotation":{"x":-0.038216426968574527,"y":-0.7062147259712219,"z":0.03824290260672569,"w":-0.7059304714202881},"size":11.402036666870118,"orthographic":false}