{"cameraMode":{"drawMode":0,"name":"Shaded","section":"Shading Mode"},"sceneLighting":false,"audioPlay":false,"sceneViewState":{"showFog":true,"showMaterialUpdate":false,"showSkybox":true,"showFlares":true,"showImageEffects":true,"showParticleSystems":true},"in2DMode":false,"pivot":{"x":0.9089541435241699,"y":3.3344781398773195,"z":-11.237235069274903},"rotation":{"x":0.19522486627101899,"y":0.49989667534828188,"z":-0.1167883649468422,"w":0.835673987865448},"size":0.04715648293495178,"orthographic":true}